Unnamed: 0,A,B
10,/data/aia-data/pix2pix_data/base/cmp_b0158.png,/data/aia-data/pix2pix_data/base/cmp_b0158.jpg
11,/data/aia-data/pix2pix_data/base/cmp_b0309.png,/data/aia-data/pix2pix_data/base/cmp_b0309.jpg
12,/data/aia-data/pix2pix_data/base/cmp_b0122.png,/data/aia-data/pix2pix_data/base/cmp_b0122.jpg
13,/data/aia-data/pix2pix_data/base/cmp_b0182.png,/data/aia-data/pix2pix_data/base/cmp_b0182.jpg
14,/data/aia-data/pix2pix_data/base/cmp_b0365.png,/data/aia-data/pix2pix_data/base/cmp_b0365.jpg
15,/data/aia-data/pix2pix_data/base/cmp_b0233.png,/data/aia-data/pix2pix_data/base/cmp_b0233.jpg
16,/data/aia-data/pix2pix_data/base/cmp_b0067.png,/data/aia-data/pix2pix_data/base/cmp_b0067.jpg
17,/data/aia-data/pix2pix_data/base/cmp_b0034.png,/data/aia-data/pix2pix_data/base/cmp_b0034.jpg
18,/data/aia-data/pix2pix_data/base/cmp_b0086.png,/data/aia-data/pix2pix_data/base/cmp_b0086.jpg
19,/data/aia-data/pix2pix_data/base/cmp_b0285.png,/data/aia-data/pix2pix_data/base/cmp_b0285.jpg
20,/data/aia-data/pix2pix_data/base/cmp_b0176.png,/data/aia-data/pix2pix_data/base/cmp_b0176.jpg
21,/data/aia-data/pix2pix_data/base/cmp_b0224.png,/data/aia-data/pix2pix_data/base/cmp_b0224.jpg
22,/data/aia-data/pix2pix_data/base/cmp_b0298.png,/data/aia-data/pix2pix_data/base/cmp_b0298.jpg
23,/data/aia-data/pix2pix_data/base/cmp_b0301.png,/data/aia-data/pix2pix_data/base/cmp_b0301.jpg
24,/data/aia-data/pix2pix_data/base/cmp_b0294.png,/data/aia-data/pix2pix_data/base/cmp_b0294.jpg
25,/data/aia-data/pix2pix_data/base/cmp_b0218.png,/data/aia-data/pix2pix_data/base/cmp_b0218.jpg
26,/data/aia-data/pix2pix_data/base/cmp_b0184.png,/data/aia-data/pix2pix_data/base/cmp_b0184.jpg
27,/data/aia-data/pix2pix_data/base/cmp_b0312.png,/data/aia-data/pix2pix_data/base/cmp_b0312.jpg
28,/data/aia-data/pix2pix_data/base/cmp_b0308.png,/data/aia-data/pix2pix_data/base/cmp_b0308.jpg
29,/data/aia-data/pix2pix_data/base/cmp_b0045.png,/data/aia-data/pix2pix_data/base/cmp_b0045.jpg
30,/data/aia-data/pix2pix_data/base/cmp_b0073.png,/data/aia-data/pix2pix_data/base/cmp_b0073.jpg
31,/data/aia-data/pix2pix_data/base/cmp_b0029.png,/data/aia-data/pix2pix_data/base/cmp_b0029.jpg
32,/data/aia-data/pix2pix_data/base/cmp_b0212.png,/data/aia-data/pix2pix_data/base/cmp_b0212.jpg
33,/data/aia-data/pix2pix_data/base/cmp_b0025.png,/data/aia-data/pix2pix_data/base/cmp_b0025.jpg
34,/data/aia-data/pix2pix_data/base/cmp_b0279.png,/data/aia-data/pix2pix_data/base/cmp_b0279.jpg
35,/data/aia-data/pix2pix_data/base/cmp_b0302.png,/data/aia-data/pix2pix_data/base/cmp_b0302.jpg
36,/data/aia-data/pix2pix_data/base/cmp_b0119.png,/data/aia-data/pix2pix_data/base/cmp_b0119.jpg
37,/data/aia-data/pix2pix_data/base/cmp_b0238.png,/data/aia-data/pix2pix_data/base/cmp_b0238.jpg
38,/data/aia-data/pix2pix_data/base/cmp_b0348.png,/data/aia-data/pix2pix_data/base/cmp_b0348.jpg
39,/data/aia-data/pix2pix_data/base/cmp_b0065.png,/data/aia-data/pix2pix_data/base/cmp_b0065.jpg
40,/data/aia-data/pix2pix_data/base/cmp_b0090.png,/data/aia-data/pix2pix_data/base/cmp_b0090.jpg
41,/data/aia-data/pix2pix_data/base/cmp_b0260.png,/data/aia-data/pix2pix_data/base/cmp_b0260.jpg
42,/data/aia-data/pix2pix_data/base/cmp_b0054.png,/data/aia-data/pix2pix_data/base/cmp_b0054.jpg
43,/data/aia-data/pix2pix_data/base/cmp_b0162.png,/data/aia-data/pix2pix_data/base/cmp_b0162.jpg
44,/data/aia-data/pix2pix_data/base/cmp_b0114.png,/data/aia-data/pix2pix_data/base/cmp_b0114.jpg
45,/data/aia-data/pix2pix_data/base/cmp_b0352.png,/data/aia-data/pix2pix_data/base/cmp_b0352.jpg
46,/data/aia-data/pix2pix_data/base/cmp_b0221.png,/data/aia-data/pix2pix_data/base/cmp_b0221.jpg
47,/data/aia-data/pix2pix_data/base/cmp_b0052.png,/data/aia-data/pix2pix_data/base/cmp_b0052.jpg
48,/data/aia-data/pix2pix_data/base/cmp_b0102.png,/data/aia-data/pix2pix_data/base/cmp_b0102.jpg
49,/data/aia-data/pix2pix_data/base/cmp_b0271.png,/data/aia-data/pix2pix_data/base/cmp_b0271.jpg
50,/data/aia-data/pix2pix_data/base/cmp_b0026.png,/data/aia-data/pix2pix_data/base/cmp_b0026.jpg
51,/data/aia-data/pix2pix_data/base/cmp_b0215.png,/data/aia-data/pix2pix_data/base/cmp_b0215.jpg
52,/data/aia-data/pix2pix_data/base/cmp_b0303.png,/data/aia-data/pix2pix_data/base/cmp_b0303.jpg
53,/data/aia-data/pix2pix_data/base/cmp_b0346.png,/data/aia-data/pix2pix_data/base/cmp_b0346.jpg
54,/data/aia-data/pix2pix_data/base/cmp_b0193.png,/data/aia-data/pix2pix_data/base/cmp_b0193.jpg
55,/data/aia-data/pix2pix_data/base/cmp_b0053.png,/data/aia-data/pix2pix_data/base/cmp_b0053.jpg
56,/data/aia-data/pix2pix_data/base/cmp_b0323.png,/data/aia-data/pix2pix_data/base/cmp_b0323.jpg
57,/data/aia-data/pix2pix_data/base/cmp_b0111.png,/data/aia-data/pix2pix_data/base/cmp_b0111.jpg
58,/data/aia-data/pix2pix_data/base/cmp_b0094.png,/data/aia-data/pix2pix_data/base/cmp_b0094.jpg
59,/data/aia-data/pix2pix_data/base/cmp_b0343.png,/data/aia-data/pix2pix_data/base/cmp_b0343.jpg
60,/data/aia-data/pix2pix_data/base/cmp_b0146.png,/data/aia-data/pix2pix_data/base/cmp_b0146.jpg
61,/data/aia-data/pix2pix_data/base/cmp_b0081.png,/data/aia-data/pix2pix_data/base/cmp_b0081.jpg
62,/data/aia-data/pix2pix_data/base/cmp_b0274.png,/data/aia-data/pix2pix_data/base/cmp_b0274.jpg
63,/data/aia-data/pix2pix_data/base/cmp_b0055.png,/data/aia-data/pix2pix_data/base/cmp_b0055.jpg
64,/data/aia-data/pix2pix_data/base/cmp_b0142.png,/data/aia-data/pix2pix_data/base/cmp_b0142.jpg
65,/data/aia-data/pix2pix_data/base/cmp_b0166.png,/data/aia-data/pix2pix_data/base/cmp_b0166.jpg
66,/data/aia-data/pix2pix_data/base/cmp_b0143.png,/data/aia-data/pix2pix_data/base/cmp_b0143.jpg
67,/data/aia-data/pix2pix_data/base/cmp_b0115.png,/data/aia-data/pix2pix_data/base/cmp_b0115.jpg
68,/data/aia-data/pix2pix_data/base/cmp_b0121.png,/data/aia-data/pix2pix_data/base/cmp_b0121.jpg
69,/data/aia-data/pix2pix_data/base/cmp_b0249.png,/data/aia-data/pix2pix_data/base/cmp_b0249.jpg
70,/data/aia-data/pix2pix_data/base/cmp_b0032.png,/data/aia-data/pix2pix_data/base/cmp_b0032.jpg
71,/data/aia-data/pix2pix_data/base/cmp_b0039.png,/data/aia-data/pix2pix_data/base/cmp_b0039.jpg
72,/data/aia-data/pix2pix_data/base/cmp_b0064.png,/data/aia-data/pix2pix_data/base/cmp_b0064.jpg
73,/data/aia-data/pix2pix_data/base/cmp_b0020.png,/data/aia-data/pix2pix_data/base/cmp_b0020.jpg
74,/data/aia-data/pix2pix_data/base/cmp_b0283.png,/data/aia-data/pix2pix_data/base/cmp_b0283.jpg
75,/data/aia-data/pix2pix_data/base/cmp_b0230.png,/data/aia-data/pix2pix_data/base/cmp_b0230.jpg
76,/data/aia-data/pix2pix_data/base/cmp_b0083.png,/data/aia-data/pix2pix_data/base/cmp_b0083.jpg
77,/data/aia-data/pix2pix_data/base/cmp_b0273.png,/data/aia-data/pix2pix_data/base/cmp_b0273.jpg
78,/data/aia-data/pix2pix_data/base/cmp_b0066.png,/data/aia-data/pix2pix_data/base/cmp_b0066.jpg
79,/data/aia-data/pix2pix_data/base/cmp_b0259.png,/data/aia-data/pix2pix_data/base/cmp_b0259.jpg
80,/data/aia-data/pix2pix_data/base/cmp_b0377.png,/data/aia-data/pix2pix_data/base/cmp_b0377.jpg
81,/data/aia-data/pix2pix_data/base/cmp_b0272.png,/data/aia-data/pix2pix_data/base/cmp_b0272.jpg
82,/data/aia-data/pix2pix_data/base/cmp_b0371.png,/data/aia-data/pix2pix_data/base/cmp_b0371.jpg
83,/data/aia-data/pix2pix_data/base/cmp_b0145.png,/data/aia-data/pix2pix_data/base/cmp_b0145.jpg
84,/data/aia-data/pix2pix_data/base/cmp_b0245.png,/data/aia-data/pix2pix_data/base/cmp_b0245.jpg
85,/data/aia-data/pix2pix_data/base/cmp_b0105.png,/data/aia-data/pix2pix_data/base/cmp_b0105.jpg
86,/data/aia-data/pix2pix_data/base/cmp_b0326.png,/data/aia-data/pix2pix_data/base/cmp_b0326.jpg
87,/data/aia-data/pix2pix_data/base/cmp_b0139.png,/data/aia-data/pix2pix_data/base/cmp_b0139.jpg
88,/data/aia-data/pix2pix_data/base/cmp_b0196.png,/data/aia-data/pix2pix_data/base/cmp_b0196.jpg
89,/data/aia-data/pix2pix_data/base/cmp_b0339.png,/data/aia-data/pix2pix_data/base/cmp_b0339.jpg
90,/data/aia-data/pix2pix_data/base/cmp_b0001.png,/data/aia-data/pix2pix_data/base/cmp_b0001.jpg
91,/data/aia-data/pix2pix_data/base/cmp_b0194.png,/data/aia-data/pix2pix_data/base/cmp_b0194.jpg
92,/data/aia-data/pix2pix_data/base/cmp_b0161.png,/data/aia-data/pix2pix_data/base/cmp_b0161.jpg
93,/data/aia-data/pix2pix_data/base/cmp_b0263.png,/data/aia-data/pix2pix_data/base/cmp_b0263.jpg
94,/data/aia-data/pix2pix_data/base/cmp_b0358.png,/data/aia-data/pix2pix_data/base/cmp_b0358.jpg
95,/data/aia-data/pix2pix_data/base/cmp_b0374.png,/data/aia-data/pix2pix_data/base/cmp_b0374.jpg
96,/data/aia-data/pix2pix_data/base/cmp_b0243.png,/data/aia-data/pix2pix_data/base/cmp_b0243.jpg
97,/data/aia-data/pix2pix_data/base/cmp_b0140.png,/data/aia-data/pix2pix_data/base/cmp_b0140.jpg
98,/data/aia-data/pix2pix_data/base/cmp_b0219.png,/data/aia-data/pix2pix_data/base/cmp_b0219.jpg
99,/data/aia-data/pix2pix_data/base/cmp_b0011.png,/data/aia-data/pix2pix_data/base/cmp_b0011.jpg
100,/data/aia-data/pix2pix_data/base/cmp_b0300.png,/data/aia-data/pix2pix_data/base/cmp_b0300.jpg
101,/data/aia-data/pix2pix_data/base/cmp_b0061.png,/data/aia-data/pix2pix_data/base/cmp_b0061.jpg
102,/data/aia-data/pix2pix_data/base/cmp_b0126.png,/data/aia-data/pix2pix_data/base/cmp_b0126.jpg
103,/data/aia-data/pix2pix_data/base/cmp_b0188.png,/data/aia-data/pix2pix_data/base/cmp_b0188.jpg
104,/data/aia-data/pix2pix_data/base/cmp_b0275.png,/data/aia-data/pix2pix_data/base/cmp_b0275.jpg
105,/data/aia-data/pix2pix_data/base/cmp_b0334.png,/data/aia-data/pix2pix_data/base/cmp_b0334.jpg
106,/data/aia-data/pix2pix_data/base/cmp_b0076.png,/data/aia-data/pix2pix_data/base/cmp_b0076.jpg
107,/data/aia-data/pix2pix_data/base/cmp_b0341.png,/data/aia-data/pix2pix_data/base/cmp_b0341.jpg
108,/data/aia-data/pix2pix_data/base/cmp_b0130.png,/data/aia-data/pix2pix_data/base/cmp_b0130.jpg
109,/data/aia-data/pix2pix_data/base/cmp_b0175.png,/data/aia-data/pix2pix_data/base/cmp_b0175.jpg
110,/data/aia-data/pix2pix_data/base/cmp_b0024.png,/data/aia-data/pix2pix_data/base/cmp_b0024.jpg
111,/data/aia-data/pix2pix_data/base/cmp_b0057.png,/data/aia-data/pix2pix_data/base/cmp_b0057.jpg
112,/data/aia-data/pix2pix_data/base/cmp_b0295.png,/data/aia-data/pix2pix_data/base/cmp_b0295.jpg
113,/data/aia-data/pix2pix_data/base/cmp_b0154.png,/data/aia-data/pix2pix_data/base/cmp_b0154.jpg
114,/data/aia-data/pix2pix_data/base/cmp_b0270.png,/data/aia-data/pix2pix_data/base/cmp_b0270.jpg
115,/data/aia-data/pix2pix_data/base/cmp_b0234.png,/data/aia-data/pix2pix_data/base/cmp_b0234.jpg
116,/data/aia-data/pix2pix_data/base/cmp_b0050.png,/data/aia-data/pix2pix_data/base/cmp_b0050.jpg
117,/data/aia-data/pix2pix_data/base/cmp_b0376.png,/data/aia-data/pix2pix_data/base/cmp_b0376.jpg
118,/data/aia-data/pix2pix_data/base/cmp_b0284.png,/data/aia-data/pix2pix_data/base/cmp_b0284.jpg
119,/data/aia-data/pix2pix_data/base/cmp_b0239.png,/data/aia-data/pix2pix_data/base/cmp_b0239.jpg
120,/data/aia-data/pix2pix_data/base/cmp_b0204.png,/data/aia-data/pix2pix_data/base/cmp_b0204.jpg
121,/data/aia-data/pix2pix_data/base/cmp_b0128.png,/data/aia-data/pix2pix_data/base/cmp_b0128.jpg
122,/data/aia-data/pix2pix_data/base/cmp_b0315.png,/data/aia-data/pix2pix_data/base/cmp_b0315.jpg
123,/data/aia-data/pix2pix_data/base/cmp_b0148.png,/data/aia-data/pix2pix_data/base/cmp_b0148.jpg
124,/data/aia-data/pix2pix_data/base/cmp_b0329.png,/data/aia-data/pix2pix_data/base/cmp_b0329.jpg
125,/data/aia-data/pix2pix_data/base/cmp_b0248.png,/data/aia-data/pix2pix_data/base/cmp_b0248.jpg
126,/data/aia-data/pix2pix_data/base/cmp_b0291.png,/data/aia-data/pix2pix_data/base/cmp_b0291.jpg
127,/data/aia-data/pix2pix_data/base/cmp_b0310.png,/data/aia-data/pix2pix_data/base/cmp_b0310.jpg
128,/data/aia-data/pix2pix_data/base/cmp_b0354.png,/data/aia-data/pix2pix_data/base/cmp_b0354.jpg
129,/data/aia-data/pix2pix_data/base/cmp_b0375.png,/data/aia-data/pix2pix_data/base/cmp_b0375.jpg
130,/data/aia-data/pix2pix_data/base/cmp_b0240.png,/data/aia-data/pix2pix_data/base/cmp_b0240.jpg
131,/data/aia-data/pix2pix_data/base/cmp_b0028.png,/data/aia-data/pix2pix_data/base/cmp_b0028.jpg
132,/data/aia-data/pix2pix_data/base/cmp_b0088.png,/data/aia-data/pix2pix_data/base/cmp_b0088.jpg
133,/data/aia-data/pix2pix_data/base/cmp_b0018.png,/data/aia-data/pix2pix_data/base/cmp_b0018.jpg
134,/data/aia-data/pix2pix_data/base/cmp_b0228.png,/data/aia-data/pix2pix_data/base/cmp_b0228.jpg
135,/data/aia-data/pix2pix_data/base/cmp_b0304.png,/data/aia-data/pix2pix_data/base/cmp_b0304.jpg
136,/data/aia-data/pix2pix_data/base/cmp_b0120.png,/data/aia-data/pix2pix_data/base/cmp_b0120.jpg
137,/data/aia-data/pix2pix_data/base/cmp_b0015.png,/data/aia-data/pix2pix_data/base/cmp_b0015.jpg
138,/data/aia-data/pix2pix_data/base/cmp_b0320.png,/data/aia-data/pix2pix_data/base/cmp_b0320.jpg
139,/data/aia-data/pix2pix_data/base/cmp_b0153.png,/data/aia-data/pix2pix_data/base/cmp_b0153.jpg
140,/data/aia-data/pix2pix_data/base/cmp_b0242.png,/data/aia-data/pix2pix_data/base/cmp_b0242.jpg
141,/data/aia-data/pix2pix_data/base/cmp_b0168.png,/data/aia-data/pix2pix_data/base/cmp_b0168.jpg
142,/data/aia-data/pix2pix_data/base/cmp_b0038.png,/data/aia-data/pix2pix_data/base/cmp_b0038.jpg
143,/data/aia-data/pix2pix_data/base/cmp_b0177.png,/data/aia-data/pix2pix_data/base/cmp_b0177.jpg
144,/data/aia-data/pix2pix_data/base/cmp_b0080.png,/data/aia-data/pix2pix_data/base/cmp_b0080.jpg
145,/data/aia-data/pix2pix_data/base/cmp_b0227.png,/data/aia-data/pix2pix_data/base/cmp_b0227.jpg
146,/data/aia-data/pix2pix_data/base/cmp_b0357.png,/data/aia-data/pix2pix_data/base/cmp_b0357.jpg
147,/data/aia-data/pix2pix_data/base/cmp_b0030.png,/data/aia-data/pix2pix_data/base/cmp_b0030.jpg
148,/data/aia-data/pix2pix_data/base/cmp_b0220.png,/data/aia-data/pix2pix_data/base/cmp_b0220.jpg
149,/data/aia-data/pix2pix_data/base/cmp_b0278.png,/data/aia-data/pix2pix_data/base/cmp_b0278.jpg
150,/data/aia-data/pix2pix_data/base/cmp_b0373.png,/data/aia-data/pix2pix_data/base/cmp_b0373.jpg
151,/data/aia-data/pix2pix_data/base/cmp_b0232.png,/data/aia-data/pix2pix_data/base/cmp_b0232.jpg
152,/data/aia-data/pix2pix_data/base/cmp_b0265.png,/data/aia-data/pix2pix_data/base/cmp_b0265.jpg
153,/data/aia-data/pix2pix_data/base/cmp_b0290.png,/data/aia-data/pix2pix_data/base/cmp_b0290.jpg
154,/data/aia-data/pix2pix_data/base/cmp_b0060.png,/data/aia-data/pix2pix_data/base/cmp_b0060.jpg
155,/data/aia-data/pix2pix_data/base/cmp_b0016.png,/data/aia-data/pix2pix_data/base/cmp_b0016.jpg
156,/data/aia-data/pix2pix_data/base/cmp_b0252.png,/data/aia-data/pix2pix_data/base/cmp_b0252.jpg
157,/data/aia-data/pix2pix_data/base/cmp_b0325.png,/data/aia-data/pix2pix_data/base/cmp_b0325.jpg
158,/data/aia-data/pix2pix_data/base/cmp_b0244.png,/data/aia-data/pix2pix_data/base/cmp_b0244.jpg
159,/data/aia-data/pix2pix_data/base/cmp_b0205.png,/data/aia-data/pix2pix_data/base/cmp_b0205.jpg
160,/data/aia-data/pix2pix_data/base/cmp_b0097.png,/data/aia-data/pix2pix_data/base/cmp_b0097.jpg
161,/data/aia-data/pix2pix_data/base/cmp_b0347.png,/data/aia-data/pix2pix_data/base/cmp_b0347.jpg
162,/data/aia-data/pix2pix_data/base/cmp_b0150.png,/data/aia-data/pix2pix_data/base/cmp_b0150.jpg
163,/data/aia-data/pix2pix_data/base/cmp_b0256.png,/data/aia-data/pix2pix_data/base/cmp_b0256.jpg
164,/data/aia-data/pix2pix_data/base/cmp_b0103.png,/data/aia-data/pix2pix_data/base/cmp_b0103.jpg
165,/data/aia-data/pix2pix_data/base/cmp_b0170.png,/data/aia-data/pix2pix_data/base/cmp_b0170.jpg
166,/data/aia-data/pix2pix_data/base/cmp_b0213.png,/data/aia-data/pix2pix_data/base/cmp_b0213.jpg
167,/data/aia-data/pix2pix_data/base/cmp_b0342.png,/data/aia-data/pix2pix_data/base/cmp_b0342.jpg
168,/data/aia-data/pix2pix_data/base/cmp_b0209.png,/data/aia-data/pix2pix_data/base/cmp_b0209.jpg
169,/data/aia-data/pix2pix_data/base/cmp_b0110.png,/data/aia-data/pix2pix_data/base/cmp_b0110.jpg
170,/data/aia-data/pix2pix_data/base/cmp_b0264.png,/data/aia-data/pix2pix_data/base/cmp_b0264.jpg
171,/data/aia-data/pix2pix_data/base/cmp_b0036.png,/data/aia-data/pix2pix_data/base/cmp_b0036.jpg
172,/data/aia-data/pix2pix_data/base/cmp_b0321.png,/data/aia-data/pix2pix_data/base/cmp_b0321.jpg
173,/data/aia-data/pix2pix_data/base/cmp_b0336.png,/data/aia-data/pix2pix_data/base/cmp_b0336.jpg
174,/data/aia-data/pix2pix_data/base/cmp_b0006.png,/data/aia-data/pix2pix_data/base/cmp_b0006.jpg
175,/data/aia-data/pix2pix_data/base/cmp_b0136.png,/data/aia-data/pix2pix_data/base/cmp_b0136.jpg
176,/data/aia-data/pix2pix_data/base/cmp_b0002.png,/data/aia-data/pix2pix_data/base/cmp_b0002.jpg
177,/data/aia-data/pix2pix_data/base/cmp_b0200.png,/data/aia-data/pix2pix_data/base/cmp_b0200.jpg
178,/data/aia-data/pix2pix_data/base/cmp_b0257.png,/data/aia-data/pix2pix_data/base/cmp_b0257.jpg
179,/data/aia-data/pix2pix_data/base/cmp_b0063.png,/data/aia-data/pix2pix_data/base/cmp_b0063.jpg
180,/data/aia-data/pix2pix_data/base/cmp_b0127.png,/data/aia-data/pix2pix_data/base/cmp_b0127.jpg
181,/data/aia-data/pix2pix_data/base/cmp_b0335.png,/data/aia-data/pix2pix_data/base/cmp_b0335.jpg
182,/data/aia-data/pix2pix_data/base/cmp_b0123.png,/data/aia-data/pix2pix_data/base/cmp_b0123.jpg
183,/data/aia-data/pix2pix_data/base/cmp_b0293.png,/data/aia-data/pix2pix_data/base/cmp_b0293.jpg
184,/data/aia-data/pix2pix_data/base/cmp_b0033.png,/data/aia-data/pix2pix_data/base/cmp_b0033.jpg
185,/data/aia-data/pix2pix_data/base/cmp_b0106.png,/data/aia-data/pix2pix_data/base/cmp_b0106.jpg
186,/data/aia-data/pix2pix_data/base/cmp_b0217.png,/data/aia-data/pix2pix_data/base/cmp_b0217.jpg
187,/data/aia-data/pix2pix_data/base/cmp_b0079.png,/data/aia-data/pix2pix_data/base/cmp_b0079.jpg
188,/data/aia-data/pix2pix_data/base/cmp_b0333.png,/data/aia-data/pix2pix_data/base/cmp_b0333.jpg
189,/data/aia-data/pix2pix_data/base/cmp_b0008.png,/data/aia-data/pix2pix_data/base/cmp_b0008.jpg
190,/data/aia-data/pix2pix_data/base/cmp_b0350.png,/data/aia-data/pix2pix_data/base/cmp_b0350.jpg
191,/data/aia-data/pix2pix_data/base/cmp_b0199.png,/data/aia-data/pix2pix_data/base/cmp_b0199.jpg
192,/data/aia-data/pix2pix_data/base/cmp_b0068.png,/data/aia-data/pix2pix_data/base/cmp_b0068.jpg
193,/data/aia-data/pix2pix_data/base/cmp_b0198.png,/data/aia-data/pix2pix_data/base/cmp_b0198.jpg
194,/data/aia-data/pix2pix_data/base/cmp_b0222.png,/data/aia-data/pix2pix_data/base/cmp_b0222.jpg
195,/data/aia-data/pix2pix_data/base/cmp_b0246.png,/data/aia-data/pix2pix_data/base/cmp_b0246.jpg
196,/data/aia-data/pix2pix_data/base/cmp_b0324.png,/data/aia-data/pix2pix_data/base/cmp_b0324.jpg
197,/data/aia-data/pix2pix_data/base/cmp_b0364.png,/data/aia-data/pix2pix_data/base/cmp_b0364.jpg
198,/data/aia-data/pix2pix_data/base/cmp_b0286.png,/data/aia-data/pix2pix_data/base/cmp_b0286.jpg
199,/data/aia-data/pix2pix_data/base/cmp_b0041.png,/data/aia-data/pix2pix_data/base/cmp_b0041.jpg
200,/data/aia-data/pix2pix_data/base/cmp_b0192.png,/data/aia-data/pix2pix_data/base/cmp_b0192.jpg
201,/data/aia-data/pix2pix_data/base/cmp_b0167.png,/data/aia-data/pix2pix_data/base/cmp_b0167.jpg
202,/data/aia-data/pix2pix_data/base/cmp_b0262.png,/data/aia-data/pix2pix_data/base/cmp_b0262.jpg
203,/data/aia-data/pix2pix_data/base/cmp_b0197.png,/data/aia-data/pix2pix_data/base/cmp_b0197.jpg
204,/data/aia-data/pix2pix_data/base/cmp_b0207.png,/data/aia-data/pix2pix_data/base/cmp_b0207.jpg
205,/data/aia-data/pix2pix_data/base/cmp_b0287.png,/data/aia-data/pix2pix_data/base/cmp_b0287.jpg
206,/data/aia-data/pix2pix_data/base/cmp_b0147.png,/data/aia-data/pix2pix_data/base/cmp_b0147.jpg
207,/data/aia-data/pix2pix_data/base/cmp_b0117.png,/data/aia-data/pix2pix_data/base/cmp_b0117.jpg
208,/data/aia-data/pix2pix_data/base/cmp_b0027.png,/data/aia-data/pix2pix_data/base/cmp_b0027.jpg
209,/data/aia-data/pix2pix_data/base/cmp_b0043.png,/data/aia-data/pix2pix_data/base/cmp_b0043.jpg
210,/data/aia-data/pix2pix_data/base/cmp_b0211.png,/data/aia-data/pix2pix_data/base/cmp_b0211.jpg
211,/data/aia-data/pix2pix_data/base/cmp_b0173.png,/data/aia-data/pix2pix_data/base/cmp_b0173.jpg
212,/data/aia-data/pix2pix_data/base/cmp_b0172.png,/data/aia-data/pix2pix_data/base/cmp_b0172.jpg
213,/data/aia-data/pix2pix_data/base/cmp_b0022.png,/data/aia-data/pix2pix_data/base/cmp_b0022.jpg
214,/data/aia-data/pix2pix_data/base/cmp_b0062.png,/data/aia-data/pix2pix_data/base/cmp_b0062.jpg
215,/data/aia-data/pix2pix_data/base/cmp_b0144.png,/data/aia-data/pix2pix_data/base/cmp_b0144.jpg
216,/data/aia-data/pix2pix_data/base/cmp_b0077.png,/data/aia-data/pix2pix_data/base/cmp_b0077.jpg
217,/data/aia-data/pix2pix_data/base/cmp_b0318.png,/data/aia-data/pix2pix_data/base/cmp_b0318.jpg
218,/data/aia-data/pix2pix_data/base/cmp_b0044.png,/data/aia-data/pix2pix_data/base/cmp_b0044.jpg
219,/data/aia-data/pix2pix_data/base/cmp_b0366.png,/data/aia-data/pix2pix_data/base/cmp_b0366.jpg
220,/data/aia-data/pix2pix_data/base/cmp_b0021.png,/data/aia-data/pix2pix_data/base/cmp_b0021.jpg
221,/data/aia-data/pix2pix_data/base/cmp_b0059.png,/data/aia-data/pix2pix_data/base/cmp_b0059.jpg
222,/data/aia-data/pix2pix_data/base/cmp_b0337.png,/data/aia-data/pix2pix_data/base/cmp_b0337.jpg
223,/data/aia-data/pix2pix_data/base/cmp_b0306.png,/data/aia-data/pix2pix_data/base/cmp_b0306.jpg
224,/data/aia-data/pix2pix_data/base/cmp_b0367.png,/data/aia-data/pix2pix_data/base/cmp_b0367.jpg
225,/data/aia-data/pix2pix_data/base/cmp_b0075.png,/data/aia-data/pix2pix_data/base/cmp_b0075.jpg
226,/data/aia-data/pix2pix_data/base/cmp_b0007.png,/data/aia-data/pix2pix_data/base/cmp_b0007.jpg
227,/data/aia-data/pix2pix_data/base/cmp_b0171.png,/data/aia-data/pix2pix_data/base/cmp_b0171.jpg
228,/data/aia-data/pix2pix_data/base/cmp_b0349.png,/data/aia-data/pix2pix_data/base/cmp_b0349.jpg
229,/data/aia-data/pix2pix_data/base/cmp_b0277.png,/data/aia-data/pix2pix_data/base/cmp_b0277.jpg
230,/data/aia-data/pix2pix_data/base/cmp_b0156.png,/data/aia-data/pix2pix_data/base/cmp_b0156.jpg
231,/data/aia-data/pix2pix_data/base/cmp_b0206.png,/data/aia-data/pix2pix_data/base/cmp_b0206.jpg
232,/data/aia-data/pix2pix_data/base/cmp_b0183.png,/data/aia-data/pix2pix_data/base/cmp_b0183.jpg
233,/data/aia-data/pix2pix_data/base/cmp_b0311.png,/data/aia-data/pix2pix_data/base/cmp_b0311.jpg
234,/data/aia-data/pix2pix_data/base/cmp_b0216.png,/data/aia-data/pix2pix_data/base/cmp_b0216.jpg
235,/data/aia-data/pix2pix_data/base/cmp_b0132.png,/data/aia-data/pix2pix_data/base/cmp_b0132.jpg
236,/data/aia-data/pix2pix_data/base/cmp_b0104.png,/data/aia-data/pix2pix_data/base/cmp_b0104.jpg
237,/data/aia-data/pix2pix_data/base/cmp_b0014.png,/data/aia-data/pix2pix_data/base/cmp_b0014.jpg
238,/data/aia-data/pix2pix_data/base/cmp_b0074.png,/data/aia-data/pix2pix_data/base/cmp_b0074.jpg
239,/data/aia-data/pix2pix_data/base/cmp_b0056.png,/data/aia-data/pix2pix_data/base/cmp_b0056.jpg
240,/data/aia-data/pix2pix_data/base/cmp_b0255.png,/data/aia-data/pix2pix_data/base/cmp_b0255.jpg
241,/data/aia-data/pix2pix_data/base/cmp_b0314.png,/data/aia-data/pix2pix_data/base/cmp_b0314.jpg
242,/data/aia-data/pix2pix_data/base/cmp_b0010.png,/data/aia-data/pix2pix_data/base/cmp_b0010.jpg
243,/data/aia-data/pix2pix_data/base/cmp_b0319.png,/data/aia-data/pix2pix_data/base/cmp_b0319.jpg
244,/data/aia-data/pix2pix_data/base/cmp_b0340.png,/data/aia-data/pix2pix_data/base/cmp_b0340.jpg
245,/data/aia-data/pix2pix_data/base/cmp_b0089.png,/data/aia-data/pix2pix_data/base/cmp_b0089.jpg
246,/data/aia-data/pix2pix_data/base/cmp_b0152.png,/data/aia-data/pix2pix_data/base/cmp_b0152.jpg
247,/data/aia-data/pix2pix_data/base/cmp_b0267.png,/data/aia-data/pix2pix_data/base/cmp_b0267.jpg
248,/data/aia-data/pix2pix_data/base/cmp_b0096.png,/data/aia-data/pix2pix_data/base/cmp_b0096.jpg
249,/data/aia-data/pix2pix_data/base/cmp_b0355.png,/data/aia-data/pix2pix_data/base/cmp_b0355.jpg
250,/data/aia-data/pix2pix_data/base/cmp_b0250.png,/data/aia-data/pix2pix_data/base/cmp_b0250.jpg
251,/data/aia-data/pix2pix_data/base/cmp_b0151.png,/data/aia-data/pix2pix_data/base/cmp_b0151.jpg
252,/data/aia-data/pix2pix_data/base/cmp_b0037.png,/data/aia-data/pix2pix_data/base/cmp_b0037.jpg
253,/data/aia-data/pix2pix_data/base/cmp_b0181.png,/data/aia-data/pix2pix_data/base/cmp_b0181.jpg
254,/data/aia-data/pix2pix_data/base/cmp_b0185.png,/data/aia-data/pix2pix_data/base/cmp_b0185.jpg
255,/data/aia-data/pix2pix_data/base/cmp_b0164.png,/data/aia-data/pix2pix_data/base/cmp_b0164.jpg
256,/data/aia-data/pix2pix_data/base/cmp_b0125.png,/data/aia-data/pix2pix_data/base/cmp_b0125.jpg
257,/data/aia-data/pix2pix_data/base/cmp_b0195.png,/data/aia-data/pix2pix_data/base/cmp_b0195.jpg
258,/data/aia-data/pix2pix_data/base/cmp_b0378.png,/data/aia-data/pix2pix_data/base/cmp_b0378.jpg
259,/data/aia-data/pix2pix_data/base/cmp_b0095.png,/data/aia-data/pix2pix_data/base/cmp_b0095.jpg
260,/data/aia-data/pix2pix_data/base/cmp_b0299.png,/data/aia-data/pix2pix_data/base/cmp_b0299.jpg
261,/data/aia-data/pix2pix_data/base/cmp_b0359.png,/data/aia-data/pix2pix_data/base/cmp_b0359.jpg
262,/data/aia-data/pix2pix_data/base/cmp_b0040.png,/data/aia-data/pix2pix_data/base/cmp_b0040.jpg
263,/data/aia-data/pix2pix_data/base/cmp_b0225.png,/data/aia-data/pix2pix_data/base/cmp_b0225.jpg
264,/data/aia-data/pix2pix_data/base/cmp_b0009.png,/data/aia-data/pix2pix_data/base/cmp_b0009.jpg
265,/data/aia-data/pix2pix_data/base/cmp_b0072.png,/data/aia-data/pix2pix_data/base/cmp_b0072.jpg
266,/data/aia-data/pix2pix_data/base/cmp_b0235.png,/data/aia-data/pix2pix_data/base/cmp_b0235.jpg
267,/data/aia-data/pix2pix_data/base/cmp_b0289.png,/data/aia-data/pix2pix_data/base/cmp_b0289.jpg
268,/data/aia-data/pix2pix_data/base/cmp_b0307.png,/data/aia-data/pix2pix_data/base/cmp_b0307.jpg
269,/data/aia-data/pix2pix_data/base/cmp_b0112.png,/data/aia-data/pix2pix_data/base/cmp_b0112.jpg
270,/data/aia-data/pix2pix_data/base/cmp_b0165.png,/data/aia-data/pix2pix_data/base/cmp_b0165.jpg
271,/data/aia-data/pix2pix_data/base/cmp_b0092.png,/data/aia-data/pix2pix_data/base/cmp_b0092.jpg
272,/data/aia-data/pix2pix_data/base/cmp_b0155.png,/data/aia-data/pix2pix_data/base/cmp_b0155.jpg
273,/data/aia-data/pix2pix_data/base/cmp_b0247.png,/data/aia-data/pix2pix_data/base/cmp_b0247.jpg
274,/data/aia-data/pix2pix_data/base/cmp_b0141.png,/data/aia-data/pix2pix_data/base/cmp_b0141.jpg
275,/data/aia-data/pix2pix_data/base/cmp_b0330.png,/data/aia-data/pix2pix_data/base/cmp_b0330.jpg
276,/data/aia-data/pix2pix_data/base/cmp_b0351.png,/data/aia-data/pix2pix_data/base/cmp_b0351.jpg
277,/data/aia-data/pix2pix_data/base/cmp_b0157.png,/data/aia-data/pix2pix_data/base/cmp_b0157.jpg
278,/data/aia-data/pix2pix_data/base/cmp_b0031.png,/data/aia-data/pix2pix_data/base/cmp_b0031.jpg
279,/data/aia-data/pix2pix_data/base/cmp_b0005.png,/data/aia-data/pix2pix_data/base/cmp_b0005.jpg
280,/data/aia-data/pix2pix_data/base/cmp_b0236.png,/data/aia-data/pix2pix_data/base/cmp_b0236.jpg
281,/data/aia-data/pix2pix_data/base/cmp_b0124.png,/data/aia-data/pix2pix_data/base/cmp_b0124.jpg
282,/data/aia-data/pix2pix_data/base/cmp_b0135.png,/data/aia-data/pix2pix_data/base/cmp_b0135.jpg
283,/data/aia-data/pix2pix_data/base/cmp_b0163.png,/data/aia-data/pix2pix_data/base/cmp_b0163.jpg
284,/data/aia-data/pix2pix_data/base/cmp_b0363.png,/data/aia-data/pix2pix_data/base/cmp_b0363.jpg
285,/data/aia-data/pix2pix_data/base/cmp_b0327.png,/data/aia-data/pix2pix_data/base/cmp_b0327.jpg
286,/data/aia-data/pix2pix_data/base/cmp_b0109.png,/data/aia-data/pix2pix_data/base/cmp_b0109.jpg
287,/data/aia-data/pix2pix_data/base/cmp_b0118.png,/data/aia-data/pix2pix_data/base/cmp_b0118.jpg
288,/data/aia-data/pix2pix_data/base/cmp_b0229.png,/data/aia-data/pix2pix_data/base/cmp_b0229.jpg
289,/data/aia-data/pix2pix_data/base/cmp_b0174.png,/data/aia-data/pix2pix_data/base/cmp_b0174.jpg
290,/data/aia-data/pix2pix_data/base/cmp_b0360.png,/data/aia-data/pix2pix_data/base/cmp_b0360.jpg
291,/data/aia-data/pix2pix_data/base/cmp_b0049.png,/data/aia-data/pix2pix_data/base/cmp_b0049.jpg
292,/data/aia-data/pix2pix_data/base/cmp_b0131.png,/data/aia-data/pix2pix_data/base/cmp_b0131.jpg
293,/data/aia-data/pix2pix_data/base/cmp_b0266.png,/data/aia-data/pix2pix_data/base/cmp_b0266.jpg
294,/data/aia-data/pix2pix_data/base/cmp_b0159.png,/data/aia-data/pix2pix_data/base/cmp_b0159.jpg
295,/data/aia-data/pix2pix_data/base/cmp_b0292.png,/data/aia-data/pix2pix_data/base/cmp_b0292.jpg
296,/data/aia-data/pix2pix_data/base/cmp_b0129.png,/data/aia-data/pix2pix_data/base/cmp_b0129.jpg
297,/data/aia-data/pix2pix_data/base/cmp_b0190.png,/data/aia-data/pix2pix_data/base/cmp_b0190.jpg
298,/data/aia-data/pix2pix_data/base/cmp_b0328.png,/data/aia-data/pix2pix_data/base/cmp_b0328.jpg
299,/data/aia-data/pix2pix_data/base/cmp_b0269.png,/data/aia-data/pix2pix_data/base/cmp_b0269.jpg
300,/data/aia-data/pix2pix_data/base/cmp_b0208.png,/data/aia-data/pix2pix_data/base/cmp_b0208.jpg
301,/data/aia-data/pix2pix_data/base/cmp_b0332.png,/data/aia-data/pix2pix_data/base/cmp_b0332.jpg
302,/data/aia-data/pix2pix_data/base/cmp_b0099.png,/data/aia-data/pix2pix_data/base/cmp_b0099.jpg
303,/data/aia-data/pix2pix_data/base/cmp_b0345.png,/data/aia-data/pix2pix_data/base/cmp_b0345.jpg
304,/data/aia-data/pix2pix_data/base/cmp_b0361.png,/data/aia-data/pix2pix_data/base/cmp_b0361.jpg
305,/data/aia-data/pix2pix_data/base/cmp_b0138.png,/data/aia-data/pix2pix_data/base/cmp_b0138.jpg
306,/data/aia-data/pix2pix_data/base/cmp_b0268.png,/data/aia-data/pix2pix_data/base/cmp_b0268.jpg
307,/data/aia-data/pix2pix_data/base/cmp_b0098.png,/data/aia-data/pix2pix_data/base/cmp_b0098.jpg
308,/data/aia-data/pix2pix_data/base/cmp_b0186.png,/data/aia-data/pix2pix_data/base/cmp_b0186.jpg
309,/data/aia-data/pix2pix_data/base/cmp_b0179.png,/data/aia-data/pix2pix_data/base/cmp_b0179.jpg
310,/data/aia-data/pix2pix_data/base/cmp_b0313.png,/data/aia-data/pix2pix_data/base/cmp_b0313.jpg
311,/data/aia-data/pix2pix_data/base/cmp_b0362.png,/data/aia-data/pix2pix_data/base/cmp_b0362.jpg
312,/data/aia-data/pix2pix_data/base/cmp_b0113.png,/data/aia-data/pix2pix_data/base/cmp_b0113.jpg
313,/data/aia-data/pix2pix_data/base/cmp_b0101.png,/data/aia-data/pix2pix_data/base/cmp_b0101.jpg
314,/data/aia-data/pix2pix_data/base/cmp_b0353.png,/data/aia-data/pix2pix_data/base/cmp_b0353.jpg
315,/data/aia-data/pix2pix_data/base/cmp_b0058.png,/data/aia-data/pix2pix_data/base/cmp_b0058.jpg
316,/data/aia-data/pix2pix_data/base/cmp_b0070.png,/data/aia-data/pix2pix_data/base/cmp_b0070.jpg
317,/data/aia-data/pix2pix_data/base/cmp_b0087.png,/data/aia-data/pix2pix_data/base/cmp_b0087.jpg
318,/data/aia-data/pix2pix_data/base/cmp_b0258.png,/data/aia-data/pix2pix_data/base/cmp_b0258.jpg
319,/data/aia-data/pix2pix_data/base/cmp_b0237.png,/data/aia-data/pix2pix_data/base/cmp_b0237.jpg
320,/data/aia-data/pix2pix_data/base/cmp_b0091.png,/data/aia-data/pix2pix_data/base/cmp_b0091.jpg
321,/data/aia-data/pix2pix_data/base/cmp_b0223.png,/data/aia-data/pix2pix_data/base/cmp_b0223.jpg
322,/data/aia-data/pix2pix_data/base/cmp_b0093.png,/data/aia-data/pix2pix_data/base/cmp_b0093.jpg
323,/data/aia-data/pix2pix_data/base/cmp_b0137.png,/data/aia-data/pix2pix_data/base/cmp_b0137.jpg
324,/data/aia-data/pix2pix_data/base/cmp_b0280.png,/data/aia-data/pix2pix_data/base/cmp_b0280.jpg
325,/data/aia-data/pix2pix_data/base/cmp_b0253.png,/data/aia-data/pix2pix_data/base/cmp_b0253.jpg
326,/data/aia-data/pix2pix_data/base/cmp_b0322.png,/data/aia-data/pix2pix_data/base/cmp_b0322.jpg
327,/data/aia-data/pix2pix_data/base/cmp_b0189.png,/data/aia-data/pix2pix_data/base/cmp_b0189.jpg
328,/data/aia-data/pix2pix_data/base/cmp_b0084.png,/data/aia-data/pix2pix_data/base/cmp_b0084.jpg
329,/data/aia-data/pix2pix_data/base/cmp_b0169.png,/data/aia-data/pix2pix_data/base/cmp_b0169.jpg
330,/data/aia-data/pix2pix_data/base/cmp_b0276.png,/data/aia-data/pix2pix_data/base/cmp_b0276.jpg
331,/data/aia-data/pix2pix_data/base/cmp_b0180.png,/data/aia-data/pix2pix_data/base/cmp_b0180.jpg
332,/data/aia-data/pix2pix_data/base/cmp_b0019.png,/data/aia-data/pix2pix_data/base/cmp_b0019.jpg
333,/data/aia-data/pix2pix_data/base/cmp_b0369.png,/data/aia-data/pix2pix_data/base/cmp_b0369.jpg
334,/data/aia-data/pix2pix_data/base/cmp_b0003.png,/data/aia-data/pix2pix_data/base/cmp_b0003.jpg
335,/data/aia-data/pix2pix_data/base/cmp_b0344.png,/data/aia-data/pix2pix_data/base/cmp_b0344.jpg
336,/data/aia-data/pix2pix_data/base/cmp_b0012.png,/data/aia-data/pix2pix_data/base/cmp_b0012.jpg
337,/data/aia-data/pix2pix_data/base/cmp_b0372.png,/data/aia-data/pix2pix_data/base/cmp_b0372.jpg
338,/data/aia-data/pix2pix_data/base/cmp_b0281.png,/data/aia-data/pix2pix_data/base/cmp_b0281.jpg
339,/data/aia-data/pix2pix_data/base/cmp_b0085.png,/data/aia-data/pix2pix_data/base/cmp_b0085.jpg
340,/data/aia-data/pix2pix_data/base/cmp_b0078.png,/data/aia-data/pix2pix_data/base/cmp_b0078.jpg
341,/data/aia-data/pix2pix_data/base/cmp_b0160.png,/data/aia-data/pix2pix_data/base/cmp_b0160.jpg
342,/data/aia-data/pix2pix_data/base/cmp_b0331.png,/data/aia-data/pix2pix_data/base/cmp_b0331.jpg
343,/data/aia-data/pix2pix_data/base/cmp_b0370.png,/data/aia-data/pix2pix_data/base/cmp_b0370.jpg
344,/data/aia-data/pix2pix_data/base/cmp_b0047.png,/data/aia-data/pix2pix_data/base/cmp_b0047.jpg
345,/data/aia-data/pix2pix_data/base/cmp_b0017.png,/data/aia-data/pix2pix_data/base/cmp_b0017.jpg
346,/data/aia-data/pix2pix_data/base/cmp_b0288.png,/data/aia-data/pix2pix_data/base/cmp_b0288.jpg
347,/data/aia-data/pix2pix_data/base/cmp_b0178.png,/data/aia-data/pix2pix_data/base/cmp_b0178.jpg
348,/data/aia-data/pix2pix_data/base/cmp_b0203.png,/data/aia-data/pix2pix_data/base/cmp_b0203.jpg
349,/data/aia-data/pix2pix_data/base/cmp_b0210.png,/data/aia-data/pix2pix_data/base/cmp_b0210.jpg
350,/data/aia-data/pix2pix_data/base/cmp_b0048.png,/data/aia-data/pix2pix_data/base/cmp_b0048.jpg
351,/data/aia-data/pix2pix_data/base/cmp_b0042.png,/data/aia-data/pix2pix_data/base/cmp_b0042.jpg
352,/data/aia-data/pix2pix_data/base/cmp_b0191.png,/data/aia-data/pix2pix_data/base/cmp_b0191.jpg
353,/data/aia-data/pix2pix_data/base/cmp_b0316.png,/data/aia-data/pix2pix_data/base/cmp_b0316.jpg
354,/data/aia-data/pix2pix_data/base/cmp_b0368.png,/data/aia-data/pix2pix_data/base/cmp_b0368.jpg
355,/data/aia-data/pix2pix_data/base/cmp_b0149.png,/data/aia-data/pix2pix_data/base/cmp_b0149.jpg
356,/data/aia-data/pix2pix_data/base/cmp_b0202.png,/data/aia-data/pix2pix_data/base/cmp_b0202.jpg
357,/data/aia-data/pix2pix_data/base/cmp_b0134.png,/data/aia-data/pix2pix_data/base/cmp_b0134.jpg
358,/data/aia-data/pix2pix_data/base/cmp_b0108.png,/data/aia-data/pix2pix_data/base/cmp_b0108.jpg
359,/data/aia-data/pix2pix_data/base/cmp_b0187.png,/data/aia-data/pix2pix_data/base/cmp_b0187.jpg
360,/data/aia-data/pix2pix_data/base/cmp_b0296.png,/data/aia-data/pix2pix_data/base/cmp_b0296.jpg
361,/data/aia-data/pix2pix_data/base/cmp_b0338.png,/data/aia-data/pix2pix_data/base/cmp_b0338.jpg
362,/data/aia-data/pix2pix_data/base/cmp_b0254.png,/data/aia-data/pix2pix_data/base/cmp_b0254.jpg
363,/data/aia-data/pix2pix_data/base/cmp_b0305.png,/data/aia-data/pix2pix_data/base/cmp_b0305.jpg
364,/data/aia-data/pix2pix_data/base/cmp_b0107.png,/data/aia-data/pix2pix_data/base/cmp_b0107.jpg
365,/data/aia-data/pix2pix_data/base/cmp_b0226.png,/data/aia-data/pix2pix_data/base/cmp_b0226.jpg
366,/data/aia-data/pix2pix_data/base/cmp_b0069.png,/data/aia-data/pix2pix_data/base/cmp_b0069.jpg
367,/data/aia-data/pix2pix_data/base/cmp_b0051.png,/data/aia-data/pix2pix_data/base/cmp_b0051.jpg
368,/data/aia-data/pix2pix_data/base/cmp_b0214.png,/data/aia-data/pix2pix_data/base/cmp_b0214.jpg
369,/data/aia-data/pix2pix_data/base/cmp_b0013.png,/data/aia-data/pix2pix_data/base/cmp_b0013.jpg
370,/data/aia-data/pix2pix_data/base/cmp_b0261.png,/data/aia-data/pix2pix_data/base/cmp_b0261.jpg
371,/data/aia-data/pix2pix_data/base/cmp_b0241.png,/data/aia-data/pix2pix_data/base/cmp_b0241.jpg
372,/data/aia-data/pix2pix_data/base/cmp_b0071.png,/data/aia-data/pix2pix_data/base/cmp_b0071.jpg
373,/data/aia-data/pix2pix_data/base/cmp_b0116.png,/data/aia-data/pix2pix_data/base/cmp_b0116.jpg
374,/data/aia-data/pix2pix_data/base/cmp_b0082.png,/data/aia-data/pix2pix_data/base/cmp_b0082.jpg
375,/data/aia-data/pix2pix_data/base/cmp_b0231.png,/data/aia-data/pix2pix_data/base/cmp_b0231.jpg
376,/data/aia-data/pix2pix_data/base/cmp_b0297.png,/data/aia-data/pix2pix_data/base/cmp_b0297.jpg
377,/data/aia-data/pix2pix_data/base/cmp_b0035.png,/data/aia-data/pix2pix_data/base/cmp_b0035.jpg
